file_name,bad
test0000.jpeg,-1
test0001.jpeg,-1
test0002.jpeg,-1
test0003.jpeg,-1
test0004.jpeg,-1
test0005.jpeg,-1
test0006.jpeg,-1
test0007.jpeg,-1
test0008.jpeg,-1
test0009.jpeg,-1
test0010.jpeg,-1
test0011.jpeg,-1
test0012.jpeg,-1
test0013.jpeg,-1
test0014.jpeg,-1
test0015.jpeg,-1
test0016.jpeg,-1
test0017.jpeg,-1
test0018.jpeg,-1
test0019.jpeg,-1
test0020.jpeg,-1
test0021.jpeg,-1
test0022.jpeg,-1
test0023.jpeg,-1
test0024.jpeg,-1
test0025.jpeg,-1
test0026.jpeg,-1
test0027.jpeg,-1
test0028.jpeg,-1
test0029.jpeg,-1
test0030.jpeg,-1
test0031.jpeg,-1
test0032.jpeg,-1
test0033.jpeg,-1
test0034.jpeg,-1
test0035.jpeg,-1
test0036.jpeg,-1
test0037.jpeg,-1
test0038.jpeg,-1
test0039.jpeg,-1
test0040.jpeg,-1
test0041.jpeg,-1
test0042.jpeg,-1
test0043.jpeg,-1
test0044.jpeg,-1
test0045.jpeg,-1
test0046.jpeg,-1
test0047.jpeg,-1
test0048.jpeg,-1
test0049.jpeg,-1
test0050.jpeg,-1
test0051.jpeg,-1
test0052.jpeg,-1
test0053.jpeg,-1
test0054.jpeg,-1
test0055.jpeg,-1
test0056.jpeg,-1
test0057.jpeg,-1
test0058.jpeg,-1
test0059.jpeg,-1
test0060.jpeg,-1
test0061.jpeg,-1
test0062.jpeg,-1
test0063.jpeg,-1
test0064.jpeg,-1
test0065.jpeg,-1
test0066.jpeg,-1
test0067.jpeg,-1
test0068.jpeg,-1
test0069.jpeg,-1
test0070.jpeg,-1
test0071.jpeg,-1
test0072.jpeg,-1
test0073.jpeg,-1
test0074.jpeg,-1
test0075.jpeg,-1
test0076.jpeg,-1
test0077.jpeg,-1
test0078.jpeg,-1
test0079.jpeg,-1
test0080.jpeg,-1
test0081.jpeg,-1
test0082.jpeg,-1
test0083.jpeg,-1
test0084.jpeg,-1
test0085.jpeg,-1
test0086.jpeg,-1
test0087.jpeg,-1
test0088.jpeg,-1
test0089.jpeg,-1
test0090.jpeg,-1
test0091.jpeg,-1
test0092.jpeg,-1
test0093.jpeg,-1
test0094.jpeg,-1
test0095.jpeg,-1
test0096.jpeg,-1
test0097.jpeg,-1
test0098.jpeg,-1
test0099.jpeg,-1
test0100.jpeg,-1
test0101.jpeg,-1
test0102.jpeg,-1
test0103.jpeg,-1
test0104.jpeg,-1
test0105.jpeg,-1
test0106.jpeg,-1
test0107.jpeg,-1
test0108.jpeg,-1
test0109.jpeg,-1
test0110.jpeg,-1
test0111.jpeg,-1
test0112.jpeg,-1
test0113.jpeg,-1
test0114.jpeg,-1
test0115.jpeg,-1
test0116.jpeg,-1
test0117.jpeg,-1
test0118.jpeg,-1
test0119.jpeg,-1
test0120.jpeg,-1
test0121.jpeg,-1
test0122.jpeg,-1
test0123.jpeg,-1
test0124.jpeg,-1
test0125.jpeg,-1
test0126.jpeg,-1
test0127.jpeg,-1
test0128.jpeg,-1
test0129.jpeg,-1
test0130.jpeg,-1
test0131.jpeg,-1
test0132.jpeg,-1
test0133.jpeg,-1
test0134.jpeg,-1
test0135.jpeg,-1
test0136.jpeg,-1
test0137.jpeg,-1
test0138.jpeg,-1
test0139.jpeg,-1
test0140.jpeg,-1
test0141.jpeg,-1
test0142.jpeg,-1
test0143.jpeg,-1
test0144.jpeg,-1
test0145.jpeg,-1
test0146.jpeg,-1
test0147.jpeg,-1
test0148.jpeg,-1
test0149.jpeg,-1
test0150.jpeg,-1
test0151.jpeg,-1
test0152.jpeg,-1
test0153.jpeg,-1
test0154.jpeg,-1
test0155.jpeg,-1
test0156.jpeg,-1
test0157.jpeg,-1
test0158.jpeg,-1
test0159.jpeg,-1
test0160.jpeg,-1
test0161.jpeg,-1
test0162.jpeg,-1
test0163.jpeg,-1
test0164.jpeg,-1
test0165.jpeg,-1
test0166.jpeg,-1
test0167.jpeg,-1
test0168.jpeg,-1
test0169.jpeg,-1
test0170.jpeg,-1
test0171.jpeg,-1
test0172.jpeg,-1
test0173.jpeg,-1
test0174.jpeg,-1
test0175.jpeg,-1
test0176.jpeg,-1
test0177.jpeg,-1
test0178.jpeg,-1
test0179.jpeg,-1
test0180.jpeg,-1
test0181.jpeg,-1
test0182.jpeg,-1
test0183.jpeg,-1
test0184.jpeg,-1
test0185.jpeg,-1
test0186.jpeg,-1
test0187.jpeg,-1
test0188.jpeg,-1
test0189.jpeg,-1
test0190.jpeg,-1
test0191.jpeg,-1
test0192.jpeg,-1
test0193.jpeg,-1
test0194.jpeg,-1
test0195.jpeg,-1
test0196.jpeg,-1
test0197.jpeg,-1
test0198.jpeg,-1
test0199.jpeg,-1
test0200.jpeg,-1
test0201.jpeg,-1
test0202.jpeg,-1
test0203.jpeg,-1
test0204.jpeg,-1
test0205.jpeg,-1
test0206.jpeg,-1
test0207.jpeg,-1
test0208.jpeg,-1
test0209.jpeg,-1
test0210.jpeg,-1
test0211.jpeg,-1
test0212.jpeg,-1
test0213.jpeg,-1
test0214.jpeg,-1
test0215.jpeg,-1
test0216.jpeg,-1
test0217.jpeg,-1
test0218.jpeg,-1
test0219.jpeg,-1
test0220.jpeg,-1
test0221.jpeg,-1
test0222.jpeg,-1
test0223.jpeg,-1
test0224.jpeg,-1
test0225.jpeg,-1
test0226.jpeg,-1
test0227.jpeg,-1
test0228.jpeg,-1
test0229.jpeg,-1
test0230.jpeg,-1
test0231.jpeg,-1
test0232.jpeg,-1
test0233.jpeg,-1
test0234.jpeg,-1
test0235.jpeg,-1
test0236.jpeg,-1
test0237.jpeg,-1
test0238.jpeg,-1
test0239.jpeg,-1
test0240.jpeg,-1
test0241.jpeg,-1
test0242.jpeg,-1
test0243.jpeg,-1
test0244.jpeg,-1
test0245.jpeg,-1
test0246.jpeg,-1
test0247.jpeg,-1
test0248.jpeg,-1
test0249.jpeg,-1
test0250.jpeg,-1
test0251.jpeg,-1
test0252.jpeg,-1
test0253.jpeg,-1
test0254.jpeg,-1
test0255.jpeg,-1
test0256.jpeg,-1
test0257.jpeg,-1
test0258.jpeg,-1
test0259.jpeg,-1
test0260.jpeg,-1
test0261.jpeg,-1
test0262.jpeg,-1
test0263.jpeg,-1
test0264.jpeg,-1
test0265.jpeg,-1
test0266.jpeg,-1
test0267.jpeg,-1
test0268.jpeg,-1
test0269.jpeg,-1
test0270.jpeg,-1
test0271.jpeg,-1
test0272.jpeg,-1
test0273.jpeg,-1
test0274.jpeg,-1
test0275.jpeg,-1
test0276.jpeg,-1
test0277.jpeg,-1
test0278.jpeg,-1
test0279.jpeg,-1
test0280.jpeg,-1
test0281.jpeg,-1
test0282.jpeg,-1
test0283.jpeg,-1
test0284.jpeg,-1
test0285.jpeg,-1
test0286.jpeg,-1
test0287.jpeg,-1
test0288.jpeg,-1
test0289.jpeg,-1
test0290.jpeg,-1
test0291.jpeg,-1
test0292.jpeg,-1
test0293.jpeg,-1
test0294.jpeg,-1
test0295.jpeg,-1
test0296.jpeg,-1
test0297.jpeg,-1
test0298.jpeg,-1
test0299.jpeg,-1
test0300.jpeg,-1
test0301.jpeg,-1
test0302.jpeg,-1
test0303.jpeg,-1
test0304.jpeg,-1
test0305.jpeg,-1
test0306.jpeg,-1
test0307.jpeg,-1
test0308.jpeg,-1
test0309.jpeg,-1
test0310.jpeg,-1
test0311.jpeg,-1
test0312.jpeg,-1
test0313.jpeg,-1
test0314.jpeg,-1
test0315.jpeg,-1
test0316.jpeg,-1
test0317.jpeg,-1
test0318.jpeg,-1
test0319.jpeg,-1
test0320.jpeg,-1
test0321.jpeg,-1
test0322.jpeg,-1
test0323.jpeg,-1
test0324.jpeg,-1
test0325.jpeg,-1
test0326.jpeg,-1
test0327.jpeg,-1
test0328.jpeg,-1
test0329.jpeg,-1
test0330.jpeg,-1
test0331.jpeg,-1
test0332.jpeg,-1
test0333.jpeg,-1
test0334.jpeg,-1
test0335.jpeg,-1
test0336.jpeg,-1
test0337.jpeg,-1
test0338.jpeg,-1
test0339.jpeg,-1
test0340.jpeg,-1
test0341.jpeg,-1
test0342.jpeg,-1
test0343.jpeg,-1
test0344.jpeg,-1
test0345.jpeg,-1
test0346.jpeg,-1
test0347.jpeg,-1
test0348.jpeg,-1
test0349.jpeg,-1
test0350.jpeg,-1
test0351.jpeg,-1
test0352.jpeg,-1
test0353.jpeg,-1
test0354.jpeg,-1
test0355.jpeg,-1
test0356.jpeg,-1
test0357.jpeg,-1
test0358.jpeg,-1
test0359.jpeg,-1
test0360.jpeg,-1
test0361.jpeg,-1
test0362.jpeg,-1
test0363.jpeg,-1
test0364.jpeg,-1
test0365.jpeg,-1
test0366.jpeg,-1
test0367.jpeg,-1
test0368.jpeg,-1
test0369.jpeg,-1
test0370.jpeg,-1
test0371.jpeg,-1
test0372.jpeg,-1
test0373.jpeg,-1
test0374.jpeg,-1
test0375.jpeg,-1
test0376.jpeg,-1
test0377.jpeg,-1
test0378.jpeg,-1
test0379.jpeg,-1
test0380.jpeg,-1
test0381.jpeg,-1
test0382.jpeg,-1
test0383.jpeg,-1
test0384.jpeg,-1
test0385.jpeg,-1
test0386.jpeg,-1
test0387.jpeg,-1
test0388.jpeg,-1
test0389.jpeg,-1
test0390.jpeg,-1
test0391.jpeg,-1
test0392.jpeg,-1
test0393.jpeg,-1
test0394.jpeg,-1
test0395.jpeg,-1
test0396.jpeg,-1
test0397.jpeg,-1
test0398.jpeg,-1
test0399.jpeg,-1
test0400.jpeg,-1
test0401.jpeg,-1
test0402.jpeg,-1
test0403.jpeg,-1
test0404.jpeg,-1
test0405.jpeg,-1
test0406.jpeg,-1
test0407.jpeg,-1
test0408.jpeg,-1
test0409.jpeg,-1
test0410.jpeg,-1
test0411.jpeg,-1
test0412.jpeg,-1
test0413.jpeg,-1
test0414.jpeg,-1
test0415.jpeg,-1
test0416.jpeg,-1
test0417.jpeg,-1
test0418.jpeg,-1
test0419.jpeg,-1
test0420.jpeg,-1
test0421.jpeg,-1
test0422.jpeg,-1
test0423.jpeg,-1
test0424.jpeg,-1
test0425.jpeg,-1
test0426.jpeg,-1
test0427.jpeg,-1
test0428.jpeg,-1
test0429.jpeg,-1
test0430.jpeg,-1
test0431.jpeg,-1
test0432.jpeg,-1
test0433.jpeg,-1
test0434.jpeg,-1
test0435.jpeg,-1
test0436.jpeg,-1
test0437.jpeg,-1
test0438.jpeg,-1
test0439.jpeg,-1
test0440.jpeg,-1
test0441.jpeg,-1
test0442.jpeg,-1
test0443.jpeg,-1
test0444.jpeg,-1
test0445.jpeg,-1
test0446.jpeg,-1
test0447.jpeg,-1
test0448.jpeg,-1
test0449.jpeg,-1
test0450.jpeg,-1
test0451.jpeg,-1
test0452.jpeg,-1
test0453.jpeg,-1
test0454.jpeg,-1
test0455.jpeg,-1
test0456.jpeg,-1
test0457.jpeg,-1
test0458.jpeg,-1
test0459.jpeg,-1
test0460.jpeg,-1
test0461.jpeg,-1
test0462.jpeg,-1
test0463.jpeg,-1
test0464.jpeg,-1
test0465.jpeg,-1
test0466.jpeg,-1
test0467.jpeg,-1
test0468.jpeg,-1
test0469.jpeg,-1
test0470.jpeg,-1
test0471.jpeg,-1
test0472.jpeg,-1
test0473.jpeg,-1
test0474.jpeg,-1
test0475.jpeg,-1
test0476.jpeg,-1
test0477.jpeg,-1
test0478.jpeg,-1
test0479.jpeg,-1
test0480.jpeg,-1
test0481.jpeg,-1
test0482.jpeg,-1
test0483.jpeg,-1
test0484.jpeg,-1
test0485.jpeg,-1
test0486.jpeg,-1
test0487.jpeg,-1
test0488.jpeg,-1
test0489.jpeg,-1
test0490.jpeg,-1
test0491.jpeg,-1
test0492.jpeg,-1
test0493.jpeg,-1
test0494.jpeg,-1
test0495.jpeg,-1
test0496.jpeg,-1
test0497.jpeg,-1
test0498.jpeg,-1
test0499.jpeg,-1
test0500.jpeg,-1
test0501.jpeg,-1
test0502.jpeg,-1
test0503.jpeg,-1
test0504.jpeg,-1
test0505.jpeg,-1
test0506.jpeg,-1
test0507.jpeg,-1
test0508.jpeg,-1
test0509.jpeg,-1
test0510.jpeg,-1
test0511.jpeg,-1
test0512.jpeg,-1
test0513.jpeg,-1
test0514.jpeg,-1
test0515.jpeg,-1
test0516.jpeg,-1
test0517.jpeg,-1
test0518.jpeg,-1
test0519.jpeg,-1
test0520.jpeg,-1
test0521.jpeg,-1
test0522.jpeg,-1
test0523.jpeg,-1
test0524.jpeg,-1
test0525.jpeg,-1
test0526.jpeg,-1
test0527.jpeg,-1
test0528.jpeg,-1
test0529.jpeg,-1
test0530.jpeg,-1
test0531.jpeg,-1
test0532.jpeg,-1
test0533.jpeg,-1
test0534.jpeg,-1
test0535.jpeg,-1
test0536.jpeg,-1
test0537.jpeg,-1
test0538.jpeg,-1
test0539.jpeg,-1
test0540.jpeg,-1
test0541.jpeg,-1
test0542.jpeg,-1
test0543.jpeg,-1
test0544.jpeg,-1
test0545.jpeg,-1
test0546.jpeg,-1
test0547.jpeg,-1
test0548.jpeg,-1
test0549.jpeg,-1
test0550.jpeg,-1
test0551.jpeg,-1
test0552.jpeg,-1
test0553.jpeg,-1
test0554.jpeg,-1
test0555.jpeg,-1
test0556.jpeg,-1
test0557.jpeg,-1
test0558.jpeg,-1
test0559.jpeg,-1
test0560.jpeg,-1
test0561.jpeg,-1
test0562.jpeg,-1
test0563.jpeg,-1
test0564.jpeg,-1
test0565.jpeg,-1
test0566.jpeg,-1
test0567.jpeg,-1
test0568.jpeg,-1
test0569.jpeg,-1
test0570.jpeg,-1
test0571.jpeg,-1
test0572.jpeg,-1
test0573.jpeg,-1
test0574.jpeg,-1
test0575.jpeg,-1
test0576.jpeg,-1
test0577.jpeg,-1
test0578.jpeg,-1
test0579.jpeg,-1
test0580.jpeg,-1
test0581.jpeg,-1
test0582.jpeg,-1
test0583.jpeg,-1
test0584.jpeg,-1
test0585.jpeg,-1
test0586.jpeg,-1
test0587.jpeg,-1
test0588.jpeg,-1
test0589.jpeg,-1
test0590.jpeg,-1
test0591.jpeg,-1
test0592.jpeg,-1
test0593.jpeg,-1
test0594.jpeg,-1
test0595.jpeg,-1
test0596.jpeg,-1
test0597.jpeg,-1
test0598.jpeg,-1
test0599.jpeg,-1
test0600.jpeg,-1
test0601.jpeg,-1
test0602.jpeg,-1
test0603.jpeg,-1
test0604.jpeg,-1
test0605.jpeg,-1
test0606.jpeg,-1
test0607.jpeg,-1
test0608.jpeg,-1
test0609.jpeg,-1
test0610.jpeg,-1
test0611.jpeg,-1
test0612.jpeg,-1
test0613.jpeg,-1
test0614.jpeg,-1
test0615.jpeg,-1
test0616.jpeg,-1
test0617.jpeg,-1
test0618.jpeg,-1
test0619.jpeg,-1
test0620.jpeg,-1
test0621.jpeg,-1
test0622.jpeg,-1
test0623.jpeg,-1
test0624.jpeg,-1
test0625.jpeg,-1
test0626.jpeg,-1
test0627.jpeg,-1
test0628.jpeg,-1
test0629.jpeg,-1
test0630.jpeg,-1
test0631.jpeg,-1
test0632.jpeg,-1
test0633.jpeg,-1
test0634.jpeg,-1
test0635.jpeg,-1
test0636.jpeg,-1
test0637.jpeg,-1
test0638.jpeg,-1
test0639.jpeg,-1
test0640.jpeg,-1
test0641.jpeg,-1
test0642.jpeg,-1
test0643.jpeg,-1
test0644.jpeg,-1
test0645.jpeg,-1
test0646.jpeg,-1
test0647.jpeg,-1
test0648.jpeg,-1
test0649.jpeg,-1
test0650.jpeg,-1
test0651.jpeg,-1
test0652.jpeg,-1
test0653.jpeg,-1
test0654.jpeg,-1
test0655.jpeg,-1
test0656.jpeg,-1
test0657.jpeg,-1
test0658.jpeg,-1
test0659.jpeg,-1
test0660.jpeg,-1
test0661.jpeg,-1
test0662.jpeg,-1
test0663.jpeg,-1
test0664.jpeg,-1
test0665.jpeg,-1
test0666.jpeg,-1
test0667.jpeg,-1
test0668.jpeg,-1
test0669.jpeg,-1
test0670.jpeg,-1
test0671.jpeg,-1
test0672.jpeg,-1
test0673.jpeg,-1
test0674.jpeg,-1
test0675.jpeg,-1
test0676.jpeg,-1
test0677.jpeg,-1
test0678.jpeg,-1
test0679.jpeg,-1
test0680.jpeg,-1
test0681.jpeg,-1
test0682.jpeg,-1
test0683.jpeg,-1
test0684.jpeg,-1
test0685.jpeg,-1
test0686.jpeg,-1
test0687.jpeg,-1
test0688.jpeg,-1
test0689.jpeg,-1
test0690.jpeg,-1
test0691.jpeg,-1
test0692.jpeg,-1
test0693.jpeg,-1
test0694.jpeg,-1
test0695.jpeg,-1
test0696.jpeg,-1
test0697.jpeg,-1
test0698.jpeg,-1
test0699.jpeg,-1
test0700.jpeg,-1
test0701.jpeg,-1
test0702.jpeg,-1
test0703.jpeg,-1
test0704.jpeg,-1
test0705.jpeg,-1
test0706.jpeg,-1
test0707.jpeg,-1
test0708.jpeg,-1
test0709.jpeg,-1
test0710.jpeg,-1
test0711.jpeg,-1
test0712.jpeg,-1
test0713.jpeg,-1
test0714.jpeg,-1
test0715.jpeg,-1
test0716.jpeg,-1
test0717.jpeg,-1
test0718.jpeg,-1
test0719.jpeg,-1
test0720.jpeg,-1
test0721.jpeg,-1
test0722.jpeg,-1
test0723.jpeg,-1
test0724.jpeg,-1
test0725.jpeg,-1
test0726.jpeg,-1
test0727.jpeg,-1
test0728.jpeg,-1
test0729.jpeg,-1
test0730.jpeg,-1
test0731.jpeg,-1
test0732.jpeg,-1
test0733.jpeg,-1
test0734.jpeg,-1
test0735.jpeg,-1
test0736.jpeg,-1
test0737.jpeg,-1
test0738.jpeg,-1
test0739.jpeg,-1
test0740.jpeg,-1
test0741.jpeg,-1
test0742.jpeg,-1
test0743.jpeg,-1
test0744.jpeg,-1
test0745.jpeg,-1
test0746.jpeg,-1
test0747.jpeg,-1
test0748.jpeg,-1
test0749.jpeg,-1
test0750.jpeg,-1
test0751.jpeg,-1
test0752.jpeg,-1
test0753.jpeg,-1
test0754.jpeg,-1
test0755.jpeg,-1
test0756.jpeg,-1
test0757.jpeg,-1
test0758.jpeg,-1
test0759.jpeg,-1
test0760.jpeg,-1
test0761.jpeg,-1
test0762.jpeg,-1
test0763.jpeg,-1
test0764.jpeg,-1
test0765.jpeg,-1
test0766.jpeg,-1
test0767.jpeg,-1
test0768.jpeg,-1
test0769.jpeg,-1
test0770.jpeg,-1
test0771.jpeg,-1
test0772.jpeg,-1
test0773.jpeg,-1
test0774.jpeg,-1
test0775.jpeg,-1
test0776.jpeg,-1
test0777.jpeg,-1
test0778.jpeg,-1
test0779.jpeg,-1
test0780.jpeg,-1
test0781.jpeg,-1
test0782.jpeg,-1
test0783.jpeg,-1
test0784.jpeg,-1
test0785.jpeg,-1
test0786.jpeg,-1
test0787.jpeg,-1
test0788.jpeg,-1
test0789.jpeg,-1
test0790.jpeg,-1
test0791.jpeg,-1
test0792.jpeg,-1
test0793.jpeg,-1
test0794.jpeg,-1
test0795.jpeg,-1
test0796.jpeg,-1
test0797.jpeg,-1
test0798.jpeg,-1
test0799.jpeg,-1
test0800.jpeg,-1
test0801.jpeg,-1
test0802.jpeg,-1
test0803.jpeg,-1
test0804.jpeg,-1
test0805.jpeg,-1
test0806.jpeg,-1
test0807.jpeg,-1
test0808.jpeg,-1
test0809.jpeg,-1
test0810.jpeg,-1
test0811.jpeg,-1
test0812.jpeg,-1
test0813.jpeg,-1
test0814.jpeg,-1
test0815.jpeg,-1
test0816.jpeg,-1
test0817.jpeg,-1
test0818.jpeg,-1
test0819.jpeg,-1
test0820.jpeg,-1
test0821.jpeg,-1
test0822.jpeg,-1
test0823.jpeg,-1
test0824.jpeg,-1
test0825.jpeg,-1
test0826.jpeg,-1
test0827.jpeg,-1
test0828.jpeg,-1
test0829.jpeg,-1
test0830.jpeg,-1
test0831.jpeg,-1
test0832.jpeg,-1
test0833.jpeg,-1
test0834.jpeg,-1
test0835.jpeg,-1
test0836.jpeg,-1
test0837.jpeg,-1
test0838.jpeg,-1
test0839.jpeg,-1
test0840.jpeg,-1
test0841.jpeg,-1
test0842.jpeg,-1
test0843.jpeg,-1
test0844.jpeg,-1
test0845.jpeg,-1
test0846.jpeg,-1
test0847.jpeg,-1
test0848.jpeg,-1
test0849.jpeg,-1
test0850.jpeg,-1
test0851.jpeg,-1
test0852.jpeg,-1
test0853.jpeg,-1
test0854.jpeg,-1
test0855.jpeg,-1
test0856.jpeg,-1
test0857.jpeg,-1
test0858.jpeg,-1
test0859.jpeg,-1
test0860.jpeg,-1
test0861.jpeg,-1
test0862.jpeg,-1
test0863.jpeg,-1
test0864.jpeg,-1
test0865.jpeg,-1
test0866.jpeg,-1
test0867.jpeg,-1
test0868.jpeg,-1
test0869.jpeg,-1
test0870.jpeg,-1
test0871.jpeg,-1
test0872.jpeg,-1
test0873.jpeg,-1
test0874.jpeg,-1
test0875.jpeg,-1
test0876.jpeg,-1
test0877.jpeg,-1
test0878.jpeg,-1
test0879.jpeg,-1
test0880.jpeg,-1
test0881.jpeg,-1
test0882.jpeg,-1
test0883.jpeg,-1
test0884.jpeg,-1
test0885.jpeg,-1
test0886.jpeg,-1
test0887.jpeg,-1
test0888.jpeg,-1
test0889.jpeg,-1
test0890.jpeg,-1
test0891.jpeg,-1
test0892.jpeg,-1
test0893.jpeg,-1
test0894.jpeg,-1
test0895.jpeg,-1
test0896.jpeg,-1
test0897.jpeg,-1
test0898.jpeg,-1
test0899.jpeg,-1
test0900.jpeg,-1
test0901.jpeg,-1
test0902.jpeg,-1
test0903.jpeg,-1
test0904.jpeg,-1
test0905.jpeg,-1
test0906.jpeg,-1
test0907.jpeg,-1
test0908.jpeg,-1
test0909.jpeg,-1
test0910.jpeg,-1
test0911.jpeg,-1
test0912.jpeg,-1
test0913.jpeg,-1
test0914.jpeg,-1
test0915.jpeg,-1
test0916.jpeg,-1
test0917.jpeg,-1
test0918.jpeg,-1
test0919.jpeg,-1
test0920.jpeg,-1
test0921.jpeg,-1
test0922.jpeg,-1
test0923.jpeg,-1
test0924.jpeg,-1
test0925.jpeg,-1
test0926.jpeg,-1
test0927.jpeg,-1
test0928.jpeg,-1
test0929.jpeg,-1
test0930.jpeg,-1
test0931.jpeg,-1
test0932.jpeg,-1
test0933.jpeg,-1
test0934.jpeg,-1
test0935.jpeg,-1
test0936.jpeg,-1
test0937.jpeg,-1
test0938.jpeg,-1
test0939.jpeg,-1
test0940.jpeg,-1
test0941.jpeg,-1
test0942.jpeg,-1
test0943.jpeg,-1
test0944.jpeg,-1
test0945.jpeg,-1
test0946.jpeg,-1
test0947.jpeg,-1
test0948.jpeg,-1
test0949.jpeg,-1
test0950.jpeg,-1
test0951.jpeg,-1
test0952.jpeg,-1
test0953.jpeg,-1
test0954.jpeg,-1
test0955.jpeg,-1
test0956.jpeg,-1
test0957.jpeg,-1
test0958.jpeg,-1
test0959.jpeg,-1
test0960.jpeg,-1
test0961.jpeg,-1
test0962.jpeg,-1
test0963.jpeg,-1
test0964.jpeg,-1
test0965.jpeg,-1
test0966.jpeg,-1
test0967.jpeg,-1
test0968.jpeg,-1
test0969.jpeg,-1
test0970.jpeg,-1
test0971.jpeg,-1
test0972.jpeg,-1
test0973.jpeg,-1
test0974.jpeg,-1
test0975.jpeg,-1
test0976.jpeg,-1
test0977.jpeg,-1
test0978.jpeg,-1
test0979.jpeg,-1
test0980.jpeg,-1
test0981.jpeg,-1
test0982.jpeg,-1
test0983.jpeg,-1
test0984.jpeg,-1
test0985.jpeg,-1
test0986.jpeg,-1
test0987.jpeg,-1
test0988.jpeg,-1
test0989.jpeg,-1
test0990.jpeg,-1
test0991.jpeg,-1
test0992.jpeg,-1
test0993.jpeg,-1
test0994.jpeg,-1
test0995.jpeg,-1
test0996.jpeg,-1
test0997.jpeg,-1
test0998.jpeg,-1
test0999.jpeg,-1
test1000.jpeg,-1
test1001.jpeg,-1
test1002.jpeg,-1
test1003.jpeg,-1
test1004.jpeg,-1
test1005.jpeg,-1
test1006.jpeg,-1
test1007.jpeg,-1
test1008.jpeg,-1
test1009.jpeg,-1
test1010.jpeg,-1
test1011.jpeg,-1
test1012.jpeg,-1
test1013.jpeg,-1
test1014.jpeg,-1
test1015.jpeg,-1
test1016.jpeg,-1
test1017.jpeg,-1
test1018.jpeg,-1
test1019.jpeg,-1
test1020.jpeg,-1
test1021.jpeg,-1
test1022.jpeg,-1
test1023.jpeg,-1
test1024.jpeg,-1
test1025.jpeg,-1
test1026.jpeg,-1
test1027.jpeg,-1
test1028.jpeg,-1
test1029.jpeg,-1
test1030.jpeg,-1
test1031.jpeg,-1
test1032.jpeg,-1
test1033.jpeg,-1
test1034.jpeg,-1
test1035.jpeg,-1
test1036.jpeg,-1
test1037.jpeg,-1
test1038.jpeg,-1
test1039.jpeg,-1
test1040.jpeg,-1
test1041.jpeg,-1
test1042.jpeg,-1
test1043.jpeg,-1
test1044.jpeg,-1
test1045.jpeg,-1
test1046.jpeg,-1
test1047.jpeg,-1
test1048.jpeg,-1
test1049.jpeg,-1
test1050.jpeg,-1
test1051.jpeg,-1
test1052.jpeg,-1
test1053.jpeg,-1
test1054.jpeg,-1
test1055.jpeg,-1
test1056.jpeg,-1
test1057.jpeg,-1
test1058.jpeg,-1
test1059.jpeg,-1
test1060.jpeg,-1
test1061.jpeg,-1
test1062.jpeg,-1
test1063.jpeg,-1
test1064.jpeg,-1
test1065.jpeg,-1
test1066.jpeg,-1
test1067.jpeg,-1
test1068.jpeg,-1
test1069.jpeg,-1
test1070.jpeg,-1
test1071.jpeg,-1
test1072.jpeg,-1
test1073.jpeg,-1
test1074.jpeg,-1
test1075.jpeg,-1
test1076.jpeg,-1
test1077.jpeg,-1
test1078.jpeg,-1
test1079.jpeg,-1
test1080.jpeg,-1
test1081.jpeg,-1
test1082.jpeg,-1
test1083.jpeg,-1
test1084.jpeg,-1
test1085.jpeg,-1
test1086.jpeg,-1
test1087.jpeg,-1
test1088.jpeg,-1
test1089.jpeg,-1
test1090.jpeg,-1
test1091.jpeg,-1
test1092.jpeg,-1
test1093.jpeg,-1
test1094.jpeg,-1
test1095.jpeg,-1
test1096.jpeg,-1
test1097.jpeg,-1
test1098.jpeg,-1
test1099.jpeg,-1
test1100.jpeg,-1
test1101.jpeg,-1
test1102.jpeg,-1
test1103.jpeg,-1
test1104.jpeg,-1
test1105.jpeg,-1
test1106.jpeg,-1
test1107.jpeg,-1
test1108.jpeg,-1
test1109.jpeg,-1
test1110.jpeg,-1
test1111.jpeg,-1
test1112.jpeg,-1
test1113.jpeg,-1
test1114.jpeg,-1
test1115.jpeg,-1
test1116.jpeg,-1
test1117.jpeg,-1
test1118.jpeg,-1
test1119.jpeg,-1
test1120.jpeg,-1
test1121.jpeg,-1
test1122.jpeg,-1
test1123.jpeg,-1
test1124.jpeg,-1
test1125.jpeg,-1
test1126.jpeg,-1
test1127.jpeg,-1
test1128.jpeg,-1
test1129.jpeg,-1
test1130.jpeg,-1
test1131.jpeg,-1
test1132.jpeg,-1
test1133.jpeg,-1
test1134.jpeg,-1
test1135.jpeg,-1
test1136.jpeg,-1
test1137.jpeg,-1
test1138.jpeg,-1
test1139.jpeg,-1
test1140.jpeg,-1
test1141.jpeg,-1
test1142.jpeg,-1
test1143.jpeg,-1
test1144.jpeg,-1
test1145.jpeg,-1
test1146.jpeg,-1
test1147.jpeg,-1
test1148.jpeg,-1
test1149.jpeg,-1
test1150.jpeg,-1
test1151.jpeg,-1
test1152.jpeg,-1
test1153.jpeg,-1
test1154.jpeg,-1
test1155.jpeg,-1
test1156.jpeg,-1
test1157.jpeg,-1
test1158.jpeg,-1
test1159.jpeg,-1
test1160.jpeg,-1
test1161.jpeg,-1
test1162.jpeg,-1
test1163.jpeg,-1
test1164.jpeg,-1
test1165.jpeg,-1
test1166.jpeg,-1
test1167.jpeg,-1
test1168.jpeg,-1
test1169.jpeg,-1
test1170.jpeg,-1
test1171.jpeg,-1
test1172.jpeg,-1
test1173.jpeg,-1
test1174.jpeg,-1
test1175.jpeg,-1
test1176.jpeg,-1
test1177.jpeg,-1
test1178.jpeg,-1
test1179.jpeg,-1
test1180.jpeg,-1
test1181.jpeg,-1
test1182.jpeg,-1
test1183.jpeg,-1
test1184.jpeg,-1
test1185.jpeg,-1
test1186.jpeg,-1
test1187.jpeg,-1
test1188.jpeg,-1
test1189.jpeg,-1
test1190.jpeg,-1
test1191.jpeg,-1
test1192.jpeg,-1
test1193.jpeg,-1
test1194.jpeg,-1
test1195.jpeg,-1
test1196.jpeg,-1
test1197.jpeg,-1
test1198.jpeg,-1
test1199.jpeg,-1
test1200.jpeg,-1
test1201.jpeg,-1
test1202.jpeg,-1
test1203.jpeg,-1
test1204.jpeg,-1
test1205.jpeg,-1
test1206.jpeg,-1
test1207.jpeg,-1
test1208.jpeg,-1
test1209.jpeg,-1
test1210.jpeg,-1
test1211.jpeg,-1
test1212.jpeg,-1
test1213.jpeg,-1
test1214.jpeg,-1
test1215.jpeg,-1
test1216.jpeg,-1
test1217.jpeg,-1
test1218.jpeg,-1
test1219.jpeg,-1
test1220.jpeg,-1
test1221.jpeg,-1
test1222.jpeg,-1
test1223.jpeg,-1
test1224.jpeg,-1
test1225.jpeg,-1
test1226.jpeg,-1
test1227.jpeg,-1
test1228.jpeg,-1
test1229.jpeg,-1
test1230.jpeg,-1
test1231.jpeg,-1
test1232.jpeg,-1
test1233.jpeg,-1
test1234.jpeg,-1
test1235.jpeg,-1
test1236.jpeg,-1
test1237.jpeg,-1
test1238.jpeg,-1
test1239.jpeg,-1
test1240.jpeg,-1
test1241.jpeg,-1
test1242.jpeg,-1
test1243.jpeg,-1
test1244.jpeg,-1
test1245.jpeg,-1
test1246.jpeg,-1
test1247.jpeg,-1
test1248.jpeg,-1
test1249.jpeg,-1
test1250.jpeg,-1
test1251.jpeg,-1
test1252.jpeg,-1
test1253.jpeg,-1
test1254.jpeg,-1
test1255.jpeg,-1
test1256.jpeg,-1
test1257.jpeg,-1
test1258.jpeg,-1
test1259.jpeg,-1
test1260.jpeg,-1
test1261.jpeg,-1
test1262.jpeg,-1
test1263.jpeg,-1
test1264.jpeg,-1
test1265.jpeg,-1
test1266.jpeg,-1
test1267.jpeg,-1
test1268.jpeg,-1
test1269.jpeg,-1
test1270.jpeg,-1
test1271.jpeg,-1
test1272.jpeg,-1
test1273.jpeg,-1
test1274.jpeg,-1
test1275.jpeg,-1
test1276.jpeg,-1
test1277.jpeg,-1
test1278.jpeg,-1
test1279.jpeg,-1
test1280.jpeg,-1
test1281.jpeg,-1
test1282.jpeg,-1
test1283.jpeg,-1
test1284.jpeg,-1
test1285.jpeg,-1
test1286.jpeg,-1
test1287.jpeg,-1
test1288.jpeg,-1
test1289.jpeg,-1
test1290.jpeg,-1
test1291.jpeg,-1
test1292.jpeg,-1
test1293.jpeg,-1
test1294.jpeg,-1
test1295.jpeg,-1
test1296.jpeg,-1
test1297.jpeg,-1
test1298.jpeg,-1
test1299.jpeg,-1
test1300.jpeg,-1
test1301.jpeg,-1
test1302.jpeg,-1
test1303.jpeg,-1
test1304.jpeg,-1
test1305.jpeg,-1
test1306.jpeg,-1
test1307.jpeg,-1
test1308.jpeg,-1
test1309.jpeg,-1
test1310.jpeg,-1
test1311.jpeg,-1
test1312.jpeg,-1
test1313.jpeg,-1
test1314.jpeg,-1
test1315.jpeg,-1
test1316.jpeg,-1
test1317.jpeg,-1
test1318.jpeg,-1
test1319.jpeg,-1
test1320.jpeg,-1
test1321.jpeg,-1
test1322.jpeg,-1
test1323.jpeg,-1
test1324.jpeg,-1
test1325.jpeg,-1
test1326.jpeg,-1
test1327.jpeg,-1
test1328.jpeg,-1
test1329.jpeg,-1
test1330.jpeg,-1
test1331.jpeg,-1
test1332.jpeg,-1
test1333.jpeg,-1
test1334.jpeg,-1
test1335.jpeg,-1
test1336.jpeg,-1
test1337.jpeg,-1
test1338.jpeg,-1
test1339.jpeg,-1
test1340.jpeg,-1
test1341.jpeg,-1
test1342.jpeg,-1
test1343.jpeg,-1
test1344.jpeg,-1
test1345.jpeg,-1
test1346.jpeg,-1
test1347.jpeg,-1
test1348.jpeg,-1
test1349.jpeg,-1
test1350.jpeg,-1
test1351.jpeg,-1
test1352.jpeg,-1
test1353.jpeg,-1
test1354.jpeg,-1
test1355.jpeg,-1
test1356.jpeg,-1
test1357.jpeg,-1
test1358.jpeg,-1
test1359.jpeg,-1
test1360.jpeg,-1
test1361.jpeg,-1
test1362.jpeg,-1
test1363.jpeg,-1
test1364.jpeg,-1
test1365.jpeg,-1
test1366.jpeg,-1
test1367.jpeg,-1
test1368.jpeg,-1
test1369.jpeg,-1
test1370.jpeg,-1
test1371.jpeg,-1
test1372.jpeg,-1
test1373.jpeg,-1
test1374.jpeg,-1
test1375.jpeg,-1
test1376.jpeg,-1
test1377.jpeg,-1
test1378.jpeg,-1
test1379.jpeg,-1
test1380.jpeg,-1
test1381.jpeg,-1
test1382.jpeg,-1
test1383.jpeg,-1
test1384.jpeg,-1
test1385.jpeg,-1
test1386.jpeg,-1
test1387.jpeg,-1
test1388.jpeg,-1
test1389.jpeg,-1
test1390.jpeg,-1
test1391.jpeg,-1
test1392.jpeg,-1
test1393.jpeg,-1
test1394.jpeg,-1
test1395.jpeg,-1
test1396.jpeg,-1
test1397.jpeg,-1
test1398.jpeg,-1
test1399.jpeg,-1
test1400.jpeg,-1
test1401.jpeg,-1
test1402.jpeg,-1
test1403.jpeg,-1
test1404.jpeg,-1
test1405.jpeg,-1
test1406.jpeg,-1
test1407.jpeg,-1
test1408.jpeg,-1
test1409.jpeg,-1
test1410.jpeg,-1
test1411.jpeg,-1
test1412.jpeg,-1
test1413.jpeg,-1
test1414.jpeg,-1
test1415.jpeg,-1
test1416.jpeg,-1
test1417.jpeg,-1
test1418.jpeg,-1
test1419.jpeg,-1
test1420.jpeg,-1
test1421.jpeg,-1
test1422.jpeg,-1
test1423.jpeg,-1
test1424.jpeg,-1
test1425.jpeg,-1
test1426.jpeg,-1
test1427.jpeg,-1
test1428.jpeg,-1
test1429.jpeg,-1
test1430.jpeg,-1
test1431.jpeg,-1
test1432.jpeg,-1
test1433.jpeg,-1
test1434.jpeg,-1
test1435.jpeg,-1
test1436.jpeg,-1
test1437.jpeg,-1
test1438.jpeg,-1
test1439.jpeg,-1
test1440.jpeg,-1
test1441.jpeg,-1
test1442.jpeg,-1
test1443.jpeg,-1
test1444.jpeg,-1
test1445.jpeg,-1
test1446.jpeg,-1
test1447.jpeg,-1
test1448.jpeg,-1
test1449.jpeg,-1
test1450.jpeg,-1
test1451.jpeg,-1
test1452.jpeg,-1
test1453.jpeg,-1
test1454.jpeg,-1
test1455.jpeg,-1
test1456.jpeg,-1
test1457.jpeg,-1
test1458.jpeg,-1
test1459.jpeg,-1
test1460.jpeg,-1
test1461.jpeg,-1
test1462.jpeg,-1
test1463.jpeg,-1
test1464.jpeg,-1
test1465.jpeg,-1
test1466.jpeg,-1
test1467.jpeg,-1
test1468.jpeg,-1
test1469.jpeg,-1
test1470.jpeg,-1
test1471.jpeg,-1
test1472.jpeg,-1
test1473.jpeg,-1
test1474.jpeg,-1
test1475.jpeg,-1
test1476.jpeg,-1
test1477.jpeg,-1
test1478.jpeg,-1
test1479.jpeg,-1
test1480.jpeg,-1
test1481.jpeg,-1
test1482.jpeg,-1
test1483.jpeg,-1
test1484.jpeg,-1
test1485.jpeg,-1
test1486.jpeg,-1
test1487.jpeg,-1
test1488.jpeg,-1
test1489.jpeg,-1
test1490.jpeg,-1
test1491.jpeg,-1
test1492.jpeg,-1
test1493.jpeg,-1
test1494.jpeg,-1
test1495.jpeg,-1
test1496.jpeg,-1
test1497.jpeg,-1
test1498.jpeg,-1
test1499.jpeg,-1
